Motif_Type,Position,Length,Score
Curved DNA,323,23,44.80518299253986
Curved DNA,731,26,49.60209338128423
Curved DNA,1330,28,57.29787705636257
Curved DNA,1769,25,46.43915758875542
Curved DNA,1778,25,44.64626436994197
Curved DNA,1790,24,45.43915758875542
Curved DNA,2961,26,49.85337115112852
Curved DNA,3172,25,55.21209061873567
Curved DNA,3184,21,42.14626436994197
Curved DNA,3442,21,42.43915758875542
Curved DNA,3451,23,46.01228977372641
Curved DNA,3460,24,46.16390246014701
Curved DNA,3991,20,40.59807621135332
Curved DNA,4371,20,41.14626436994197
Curved DNA,4721,22,40.80518299253986
Curved DNA,5053,29,61.66880104151643
Curved DNA,5844,20,38.43915758875542
Curved DNA,6772,25,47.35337115112853
Curved DNA,7034,24,51.76203324428772
Curved DNA,7069,25,51.69116617372088
Curved DNA,7131,20,44.80518299253986
Curved DNA,7674,26,51.19116617372088
Curved DNA,7952,20,39.86602540378444
Curved DNA,8946,24,46.57313218497099
Curved DNA,8957,21,40.5
Curved DNA,9046,21,45.06047793231507
Curved DNA,9767,25,48.76429835869187
Curved DNA,9776,26,53.971405139878414
Curved DNA,9789,24,47.01228977372641
Curved DNA,10218,25,49.80518299253986
Curved DNA,10592,22,43.79787705636257
Curved DNA,10599,25,45.37100924133356
Curved DNA,10611,25,44.64626436994197
Curved DNA,10684,21,42.14626436994197
Curved DNA,11136,23,47.05719157750532
Curved DNA,11334,24,49.93915758875542
Curved DNA,11472,26,55.92650333609951
Curved DNA,11483,25,48.37100924133356
Curved DNA,11495,21,41.95679567896047
Curved DNA,14884,24,47.78023896615753
Curved DNA,14895,22,43.91421356237309
Curved DNA,14904,22,45.41421356237309
Curved DNA,14913,24,48.91421356237309
Curved DNA,15134,26,53.02998243671884
Curved DNA,15768,24,46.64626436994197
Curved DNA,15832,24,46.93915758875542
Curved DNA,15871,27,56.10537973609398
Curved DNA,16136,26,51.28023896615753
Curved DNA,16245,19,39.59077027517603
Curved DNA,16446,21,42.07313218497099
Curved DNA,16926,26,54.440909644282186
Curved DNA,17366,22,44.35337115112852
Curved DNA,17425,22,47.91591104511247
Curved DNA,17513,22,45.26203324428772
Curved DNA,17740,23,48.35337115112852
Curved DNA,18055,25,55.76758471350161
Curved DNA,18149,22,44.10209338128423
Curved DNA,18394,25,43.35008479631877
Curved DNA,18404,27,52.19116617372088
Curved DNA,19120,22,41.20710678118655
Curved DNA,19736,21,37.55719157750532
Curved DNA,20371,23,44.43915758875542
Curved DNA,21541,22,38.93915758875542
Curved DNA,22397,28,56.26429835869187
Curved DNA,22986,26,49.01228977372641
Curved DNA,23317,26,52.41421356237309
Curved DNA,23883,21,45.21939655491296
Curved DNA,23909,24,46.16390246014701
Curved DNA,24699,20,38.43915758875542
Curved DNA,1724,8,17.414213562373096
Curved DNA,1736,7,15.322875655532297
Curved DNA,3636,7,15.322875655532297
Curved DNA,4148,7,15.322875655532297
Curved DNA,4618,9,19.5
Curved DNA,4639,8,17.414213562373096
Curved DNA,5625,8,17.414213562373096
Curved DNA,5778,7,15.322875655532297
Curved DNA,5993,7,15.322875655532297
Curved DNA,6083,8,17.414213562373096
Curved DNA,6094,9,19.5
Curved DNA,6737,19,40.17944947177034
Curved DNA,6948,10,21.58113883008419
Curved DNA,8627,8,17.414213562373096
Curved DNA,9231,7,15.322875655532297
Curved DNA,9260,7,15.322875655532297
Curved DNA,11078,7,15.322875655532297
Curved DNA,14460,7,15.322875655532297
Curved DNA,14656,9,19.5
Curved DNA,15864,7,15.322875655532297
Curved DNA,16864,13,27.802775637731997
Curved DNA,17203,7,15.322875655532297
Curved DNA,18685,7,15.322875655532297
Curved DNA,18756,8,17.414213562373096
Curved DNA,19106,7,15.322875655532297
Curved DNA,20274,7,15.322875655532297
Curved DNA,20429,7,15.322875655532297
Curved DNA,21612,10,21.58113883008419
Curved DNA,22714,7,15.322875655532297
Curved DNA,22966,7,15.322875655532297
Curved DNA,23240,13,27.802775637731997
Curved DNA,23713,24,50.44948974278318
Slipped DNA,20,24,29.0
Slipped DNA,255,22,28.0
Slipped DNA,23713,20,30.0
Slipped DNA,6737,19,82.81907992727281
Slipped DNA,23713,24,117.57550765359254
Cruciform DNA,18075,22,10.5
Cruciform DNA,18075,22,15.5
Cruciform DNA,18076,20,14.0
Triplex,23713,20,50.0
Triplex,255,21,44.0
Triplex,20,22,39.5
Triplex,14797,23,42.5
Triplex,13000,25,53.00000000000001
Triplex,13043,25,51.49999999999999
Triplex,12595,88,147.5
G-Quadruplex Family,1982,30,37.0
G-Quadruplex Family,1983,29,32.0
G-Quadruplex Family,1987,25,28.000000000000004
G-Quadruplex Family,1997,15,24.0
G-Quadruplex Family,1998,14,19.0
G-Quadruplex Family,10473,38,29.0
G-Quadruplex Family,10483,28,25.0
G-Quadruplex Family,10484,27,20.0
G-Quadruplex Family,13224,21,21.0
G-Quadruplex Family,13230,15,16.0
G-Quadruplex Family,13360,31,25.0
G-Quadruplex Family,14099,17,12.0
G-Quadruplex Family,17911,29,36.0
G-Quadruplex Family,17912,28,32.0
G-Quadruplex Family,17913,27,25.0
G-Quadruplex Family,17914,26,20.0
G-Quadruplex Family,1982,22,36.0
i-motif family,212,35,46.99999999999999
i-motif family,222,39,49.0
i-motif family,233,39,49.0
i-motif family,18166,48,28.5
i-motif family,1,40,24.0
i-motif family,6733,23,15.5
i-motif family,10542,17,16.5
i-motif family,23712,25,16.5
Z-DNA,20904,29,69.0
Hybrid,20,22,6.8500000000000005
Hybrid,222,54,7.2
Hybrid,6737,19,9.83190799272728
Hybrid,18166,5,7.260209338128423
Hybrid,23713,24,13.407550765359254
Curved DNA,23317,26,52.41421356237309
Curved DNA,23883,21,45.21939655491296
Curved DNA,23909,24,46.16390246014701
Curved DNA,24699,20,38.43915758875542
Curved DNA,28132,23,43.30518299253986
Curved DNA,29617,23,51.35337115112852
Curved DNA,29745,20,40.30920016247077
Curved DNA,30065,28,54.61803398874989
Curved DNA,30251,21,44.01228977372641
Curved DNA,33836,21,39.80518299253986
Curved DNA,36366,25,54.85337115112852
Curved DNA,36519,24,46.09077027517603
Curved DNA,36675,25,51.29787705636257
Curved DNA,39489,22,46.76203324428772
Curved DNA,39708,26,49.30518299253986
Curved DNA,39843,27,50.23205080756888
Curved DNA,40943,21,37.86602540378444
Curved DNA,41866,23,45.484059392534334
Curved DNA,41900,23,43.69116617372088
Curved DNA,43032,26,48.57313218497099
Curved DNA,45041,23,47.73205080756888
Curved DNA,47363,26,48.57313218497099
Curved DNA,23240,13,27.802775637731997
Curved DNA,23713,24,50.44948974278318
Curved DNA,28684,8,17.414213562373096
Curved DNA,28816,7,15.322875655532297
Curved DNA,29202,7,15.322875655532297
Curved DNA,29284,10,21.58113883008419
Curved DNA,29886,8,17.414213562373096
Curved DNA,29987,7,15.322875655532297
Curved DNA,30098,11,23.6583123951777
Curved DNA,30989,8,17.414213562373096
Curved DNA,31036,7,15.322875655532297
Curved DNA,32840,7,15.322875655532297
Curved DNA,34991,9,19.5
Curved DNA,35114,15,31.93649167310371
Curved DNA,35135,7,15.322875655532297
Curved DNA,36422,11,23.6583123951777
Curved DNA,36437,9,19.5
Curved DNA,36476,7,15.322875655532297
Curved DNA,36964,7,15.322875655532297
Curved DNA,40197,7,15.322875655532297
Curved DNA,42086,12,25.73205080756888
Curved DNA,42839,11,23.6583123951777
Curved DNA,45264,10,21.58113883008419
Curved DNA,45302,7,15.322875655532297
Curved DNA,45538,7,15.322875655532297
Curved DNA,45635,16,34.0
Slipped DNA,23713,20,30.0
Slipped DNA,26425,270,342.0
Slipped DNA,26560,270,342.0
Slipped DNA,31123,20,30.0
Slipped DNA,31484,20,25.0
Slipped DNA,23713,24,117.57550765359254
Slipped DNA,31123,24,83.13843876330611
Slipped DNA,31484,22,83.9106071959916
Slipped DNA,31505,17,48.08326112068524
Slipped DNA,35114,15,58.09475019311125
Slipped DNA,45635,16,64.0
Cruciform DNA,31122,26,13.5
Cruciform DNA,31122,26,19.0
Cruciform DNA,31123,20,15.0
Cruciform DNA,31123,22,11.0
Cruciform DNA,31123,22,16.5
Cruciform DNA,31123,24,12.5
Cruciform DNA,31123,24,18.0
Cruciform DNA,31124,20,15.0
Cruciform DNA,31124,22,11.0
Cruciform DNA,31124,22,16.5
Cruciform DNA,31125,20,15.0
Cruciform DNA,31125,22,11.0
Cruciform DNA,31125,22,16.5
Cruciform DNA,31126,20,15.0
Cruciform DNA,31127,20,15.0
R-loop,31876,2026,1968.402158542396
R-loop,45360,2010,1409.604579976149
Triplex,23713,20,50.0
Triplex,31123,20,35.0
Triplex,31484,20,35.0
Triplex,36424,23,54.5
Triplex,25165,25,53.00000000000001
Triplex,25208,25,51.49999999999999
G-Quadruplex Family,25860,32,23.0
G-Quadruplex Family,25866,26,19.0
G-Quadruplex Family,26400,32,23.0
G-Quadruplex Family,26406,26,19.0
G-Quadruplex Family,27069,17,12.0
G-Quadruplex Family,27166,27,23.0
G-Quadruplex Family,27172,21,15.0
G-Quadruplex Family,29595,14,16.0
G-Quadruplex Family,31706,39,28.0
G-Quadruplex Family,31876,40,41.0
G-Quadruplex Family,31877,39,36.0
G-Quadruplex Family,31887,39,36.0
G-Quadruplex Family,31888,38,31.0
G-Quadruplex Family,31891,35,28.0
G-Quadruplex Family,31894,32,24.0
G-Quadruplex Family,31899,27,20.0
G-Quadruplex Family,32084,25,28.000000000000004
G-Quadruplex Family,32085,24,23.0
G-Quadruplex Family,32089,32,34.0
G-Quadruplex Family,32101,23,32.0
G-Quadruplex Family,32106,31,28.0
G-Quadruplex Family,32107,30,23.0
G-Quadruplex Family,32117,35,25.0
G-Quadruplex Family,32694,32,23.0
G-Quadruplex Family,33076,31,26.0
G-Quadruplex Family,33126,29,32.0
G-Quadruplex Family,33137,18,28.0
G-Quadruplex Family,33551,21,16.0
G-Quadruplex Family,33687,15,12.0
G-Quadruplex Family,33849,33,39.0
G-Quadruplex Family,33850,32,32.0
G-Quadruplex Family,33851,31,27.0
G-Quadruplex Family,33859,23,23.0
G-Quadruplex Family,35258,21,21.0
G-Quadruplex Family,35566,23,17.0
G-Quadruplex Family,35775,20,32.0
G-Quadruplex Family,36190,35,34.0
G-Quadruplex Family,36200,25,30.0
G-Quadruplex Family,36207,18,25.0
G-Quadruplex Family,38401,29,31.0
G-Quadruplex Family,38404,26,27.000000000000004
G-Quadruplex Family,38561,20,19.0
G-Quadruplex Family,41533,19,16.0
G-Quadruplex Family,44159,32,32.0
G-Quadruplex Family,44160,31,28.0
G-Quadruplex Family,44161,30,21.0
G-Quadruplex Family,45228,19,15.0
G-Quadruplex Family,45234,13,13.0
G-Quadruplex Family,47076,28,28.0
G-Quadruplex Family,47227,29,23.0
G-Quadruplex Family,31876,26,42.0
G-Quadruplex Family,44669,25,33.0
i-motif family,23712,25,16.5
Z-DNA,35429,59,53.25
Z-DNA,37833,16,50.5
Hybrid,23713,24,13.407550765359254
Hybrid,26406,26,36.1
Hybrid,31484,20,11.89106071959916
Hybrid,31876,50,198.8402158542396
Hybrid,32084,68,199.3402158542396
Hybrid,32694,32,199.1402158542396
Hybrid,32840,7,198.3725034197928
Hybrid,33076,31,199.4402158542396
Hybrid,33126,29,199.6402158542396
Hybrid,33551,21,198.4402158542396
Hybrid,33687,15,198.0402158542396
Hybrid,33836,46,199.1402158542396
Hybrid,35114,15,9.003124186621497
Hybrid,36424,9,7.81583123951777
Hybrid,36437,9,7.4
Hybrid,45538,7,142.4927455631681
Hybrid,45635,16,147.3604579976149
Hybrid,47076,28,143.7604579976149
Hybrid,47227,29,143.2604579976149
Hybrid,47363,7,145.817771216112
Curved DNA,47363,26,48.57313218497099
Curved DNA,48319,23,43.984059392534334
Curved DNA,48379,22,43.05719157750532
Curved DNA,48910,23,48.19116617372088
Curved DNA,50789,25,51.48734574734408
Curved DNA,51638,24,45.07313218497099
Curved DNA,51687,24,46.26429835869187
Curved DNA,52677,19,36.01228977372641
Curved DNA,52685,23,41.80518299253986
Curved DNA,52693,25,45.95679567896047
Curved DNA,52705,21,40.45679567896047
Curved DNA,52804,21,43.57313218497099
Curved DNA,52813,21,45.14626436994197
Curved DNA,52822,24,50.92650333609951
Curved DNA,53291,23,43.59807621135332
Curved DNA,53302,22,40.80518299253986
Curved DNA,53960,24,44.23205080756888
Curved DNA,54863,24,46.64626436994197
Curved DNA,54967,24,53.59807621135332
Curved DNA,55299,24,47.471405139878414
Curved DNA,55308,27,52.19116617372088
Curved DNA,55320,23,46.23205080756888
Curved DNA,55643,23,45.93915758875542
Curved DNA,55651,25,46.43915758875542
Curved DNA,55879,22,44.91591104511247
Curved DNA,55889,21,40.55719157750532
Curved DNA,56919,20,39.64626436994197
Curved DNA,56927,19,42.85337115112852
Curved DNA,56935,23,53.43915758875542
Curved DNA,57385,24,48.07313218497099
Curved DNA,58356,24,49.26429835869187
Curved DNA,60163,23,43.66390246014701
Curved DNA,61124,27,52.57313218497099
Curved DNA,62710,24,46.64626436994197
Curved DNA,63057,25,47.573132184970994
Curved DNA,63066,28,52.07313218497099
Curved DNA,63416,22,44.45679567896047
Curved DNA,63425,21,43.45679567896047
Curved DNA,64307,23,45.71939655491296
Curved DNA,65355,26,48.64626436994197
Curved DNA,65746,26,53.72740320002616
Curved DNA,65755,24,47.81318963765307
Curved DNA,65762,28,52.94716423386863
Curved DNA,66165,24,46.09807621135332
Curved DNA,66805,22,37.80518299253986
Curved DNA,67256,23,40.59807621135332
Curved DNA,68115,25,51.39438037267749
Curved DNA,68123,24,49.34947856889858
Curved DNA,68129,29,59.011683546306216
Curved DNA,68407,21,40.09077027517603
Curved DNA,69525,24,49.16390246014701
Curved DNA,69535,24,45.80518299253986
Curved DNA,69669,25,48.96081284889138
Curved DNA,70475,21,37.5
Curved DNA,70738,22,36.23205080756888
Curved DNA,49381,7,15.322875655532297
Curved DNA,49979,7,15.322875655532297
Curved DNA,52727,7,15.322875655532297
Curved DNA,53771,7,15.322875655532297
Curved DNA,54095,7,15.322875655532297
Curved DNA,63922,7,15.322875655532297
Curved DNA,65445,7,15.322875655532297
Curved DNA,65535,8,17.414213562373096
Curved DNA,65615,13,27.802775637731997
Curved DNA,65693,7,15.322875655532297
Curved DNA,67976,10,21.58113883008419
Curved DNA,69820,8,17.414213562373096
Curved DNA,69829,15,31.93649167310371
Curved DNA,70180,9,19.5
Curved DNA,70191,7,15.322875655532297
Curved DNA,70536,7,15.322875655532297
Curved DNA,70568,7,15.322875655532297
Curved DNA,70859,10,21.58113883008419
Curved DNA,70907,22,46.34520787991171
Slipped DNA,57899,20,29.0
Slipped DNA,70907,20,30.0
Slipped DNA,69418,15,40.24922359499622
Slipped DNA,69829,15,58.09475019311125
Slipped DNA,70907,22,103.18914671611546
Cruciform DNA,68468,20,13.5
R-loop,65852,2020,1747.038008255078
R-loop,65959,2021,1476.999745659782
R-loop,68220,2018,1628.3043738663096
R-loop,69731,312,214.3158219234124
R-loop,68220,2018,1628.3043738663096
Triplex,57899,20,35.0
Triplex,70907,20,50.0
G-Quadruplex Family,47076,28,28.0
G-Quadruplex Family,47227,29,23.0
G-Quadruplex Family,51094,28,22.0
G-Quadruplex Family,51474,32,28.0
G-Quadruplex Family,51485,21,25.0
G-Quadruplex Family,51486,20,20.0
G-Quadruplex Family,51494,12,20.0
G-Quadruplex Family,51645,19,16.0
G-Quadruplex Family,53659,36,27.0
G-Quadruplex Family,59709,26,20.0
G-Quadruplex Family,59899,31,34.0
G-Quadruplex Family,59904,26,30.0
G-Quadruplex Family,59911,19,28.0
G-Quadruplex Family,60457,19,22.0
G-Quadruplex Family,60458,18,17.0
G-Quadruplex Family,61684,29,21.0
G-Quadruplex Family,61837,28,26.0
G-Quadruplex Family,61840,25,22.0
G-Quadruplex Family,62324,16,20.0
G-Quadruplex Family,62425,27,22.0
G-Quadruplex Family,64244,23,21.0
G-Quadruplex Family,65852,30,44.0
G-Quadruplex Family,65853,29,39.0
G-Quadruplex Family,65856,33,40.0
G-Quadruplex Family,65857,32,36.0
G-Quadruplex Family,65858,31,29.0
G-Quadruplex Family,65859,30,24.0
G-Quadruplex Family,65869,29,22.0
G-Quadruplex Family,65959,26,43.0
G-Quadruplex Family,65960,25,36.0
G-Quadruplex Family,65961,24,31.0
G-Quadruplex Family,65964,21,27.000000000000004
G-Quadruplex Family,66115,37,38.0
G-Quadruplex Family,66116,36,31.0
G-Quadruplex Family,66117,35,26.0
G-Quadruplex Family,66127,37,31.0
G-Quadruplex Family,66133,31,26.0
G-Quadruplex Family,66138,36,28.0
G-Quadruplex Family,66150,24,21.0
G-Quadruplex Family,66154,20,17.0
G-Quadruplex Family,66817,34,34.0
G-Quadruplex Family,66818,33,27.0
G-Quadruplex Family,67437,17,18.0
G-Quadruplex Family,67440,14,15.0
G-Quadruplex Family,67679,27,19.0
G-Quadruplex Family,68199,39,48.0
G-Quadruplex Family,68207,34,52.0
G-Quadruplex Family,68216,25,53.0
G-Quadruplex Family,68220,21,50.0
G-Quadruplex Family,68221,20,43.0
G-Quadruplex Family,68222,19,38.0
G-Quadruplex Family,68225,16,34.0
G-Quadruplex Family,68226,15,29.0
G-Quadruplex Family,68720,23,31.0
G-Quadruplex Family,68721,22,24.0
G-Quadruplex Family,68722,21,19.0
G-Quadruplex Family,68725,18,16.0
G-Quadruplex Family,69269,38,31.0
G-Quadruplex Family,69277,30,29.0
G-Quadruplex Family,69278,29,22.0
G-Quadruplex Family,69397,21,26.0
G-Quadruplex Family,69398,20,19.0
G-Quadruplex Family,69399,19,14.0
G-Quadruplex Family,69731,15,44.0
G-Quadruplex Family,69732,14,39.0
G-Quadruplex Family,69735,11,35.0
G-Quadruplex Family,70341,23,17.0
G-Quadruplex Family,70945,27,20.0
G-Quadruplex Family,65852,37,84.0
G-Quadruplex Family,65856,33,54.0
G-Quadruplex Family,65857,32,51.0
G-Quadruplex Family,65858,31,48.0
G-Quadruplex Family,65959,21,42.0
G-Quadruplex Family,65960,20,39.0
G-Quadruplex Family,68220,18,39.0
G-Quadruplex Family,68221,17,36.0
i-motif family,70907,22,17.0
Z-DNA,62137,24,65.75
Z-DNA,68430,24,52.75
Hybrid,51645,17,6.107313218497099
Hybrid,57899,20,6.4
Hybrid,65852,46,176.9038008255078
Hybrid,67976,4,149.85808844898662
Hybrid,70907,22,12.018914671611547
Curved DNA,69525,24,49.16390246014701
Curved DNA,69535,24,45.80518299253986
Curved DNA,69669,25,48.96081284889138
Curved DNA,70475,21,37.5
Curved DNA,70738,22,36.23205080756888
Curved DNA,71590,21,42.43915758875542
Curved DNA,72346,21,38.23205080756888
Curved DNA,73343,23,48.484059392534334
Curved DNA,73726,23,46.66390246014701
Curved DNA,73734,23,51.522621927754166
Curved DNA,73788,21,41.01228977372641
Curved DNA,74350,20,42.10209338128423
Curved DNA,74482,21,43.93915758875542
Curved DNA,75166,22,45.76429835869187
Curved DNA,75232,22,40.73205080756888
Curved DNA,75572,23,43.59807621135332
Curved DNA,75582,25,49.23205080756888
Curved DNA,76423,24,46.10209338128423
Curved DNA,77684,25,50.64626436994197
Curved DNA,78718,21,39.51228977372641
Curved DNA,79032,23,48.42650333609951
Curved DNA,79509,28,56.26429835869187
Curved DNA,79551,24,47.78023896615753
Curved DNA,80081,27,49.93915758875542
Curved DNA,80132,25,51.39827295490743
Curved DNA,80142,26,52.78023896615753
Curved DNA,80650,25,52.04988564132803
Curved DNA,82192,24,47.30518299253986
Curved DNA,82504,25,46.05719157750532
Curved DNA,82692,25,48.30518299253987
Curved DNA,83755,23,46.01228977372641
Curved DNA,84539,25,49.971405139878414
Curved DNA,84613,21,47.00498383754912
Curved DNA,85483,22,41.19116617372088
Curved DNA,85492,23,45.26429835869187
Curved DNA,85686,23,43.69116617372088
Curved DNA,85696,23,43.69116617372088
Curved DNA,85774,25,51.39827295490743
Curved DNA,87543,22,41.09807621135332
Curved DNA,87848,26,53.98734574734408
Curved DNA,87858,24,51.91421356237309
Curved DNA,87963,23,44.51228977372641
Curved DNA,88583,23,46.01228977372641
Curved DNA,88776,23,44.80518299253986
Curved DNA,90466,23,44.14626436994197
Curved DNA,90614,25,45.66390246014701
Curved DNA,91661,24,44.59807621135332
Curved DNA,92292,23,47.23708921790539
Curved DNA,92580,22,43.82514076993644
Curved DNA,92588,27,54.85008479631877
Curved DNA,93374,21,39.73205080756888
Curved DNA,69820,8,17.414213562373096
Curved DNA,69829,15,31.93649167310371
Curved DNA,70180,9,19.5
Curved DNA,70191,7,15.322875655532297
Curved DNA,70536,7,15.322875655532297
Curved DNA,70568,7,15.322875655532297
Curved DNA,70859,10,21.58113883008419
Curved DNA,70907,22,46.34520787991171
Curved DNA,70998,7,15.322875655532297
Curved DNA,71016,7,15.322875655532297
Curved DNA,71117,12,25.73205080756888
Curved DNA,71531,13,27.802775637731997
Curved DNA,71573,8,17.414213562373096
Curved DNA,73287,7,15.322875655532297
Curved DNA,73319,7,15.322875655532297
Curved DNA,74864,8,17.414213562373096
Curved DNA,74939,8,17.414213562373096
Curved DNA,75000,14,29.87082869338697
Curved DNA,76279,7,15.322875655532297
Curved DNA,76716,7,15.322875655532297
Curved DNA,82485,7,15.322875655532297
Curved DNA,83271,7,15.322875655532297
Curved DNA,84702,10,21.58113883008419
Curved DNA,90256,7,15.322875655532297
Curved DNA,90397,7,15.322875655532297
Curved DNA,91991,8,17.414213562373096
Curved DNA,92430,9,19.5
Curved DNA,92501,7,15.322875655532297
Slipped DNA,70907,20,30.0
Slipped DNA,73611,24,35.0
Slipped DNA,77512,24,32.0
Slipped DNA,77570,24,29.0
Slipped DNA,69418,16,42.93250516799596
Slipped DNA,69829,15,58.09475019311125
Slipped DNA,70907,22,103.18914671611546
Slipped DNA,77495,15,36.89512162874653
Slipped DNA,77512,28,92.4
Cruciform DNA,87804,22,10.5
Cruciform DNA,87804,22,16.0
Cruciform DNA,87804,30,16.5
Cruciform DNA,87805,20,14.5
Cruciform DNA,87805,28,15.0
Cruciform DNA,87806,26,13.5
Cruciform DNA,87807,24,12.0
Cruciform DNA,87808,22,10.5
R-loop,69731,562,441.7563238860815
Triplex,70907,20,50.0
Triplex,73611,22,42.49999999999999
Triplex,76698,22,53.0
Triplex,77500,22,53.0
Triplex,77570,22,38.0
Triplex,76829,25,39.5
Triplex,71672,26,53.0
Triplex,77512,24,60.0
Triplex,77513,27,36.0
G-Quadruplex Family,69269,38,31.0
G-Quadruplex Family,69277,30,29.0
G-Quadruplex Family,69278,29,22.0
G-Quadruplex Family,69397,21,26.0
G-Quadruplex Family,69398,20,19.0
G-Quadruplex Family,69399,19,14.0
G-Quadruplex Family,69731,15,44.0
G-Quadruplex Family,69732,14,39.0
G-Quadruplex Family,69735,11,35.0
G-Quadruplex Family,70341,23,17.0
G-Quadruplex Family,70945,27,20.0
G-Quadruplex Family,75841,20,28.0
G-Quadruplex Family,75842,19,21.000000000000004
G-Quadruplex Family,75843,18,16.0
G-Quadruplex Family,76368,32,34.0
G-Quadruplex Family,76374,34,33.0
G-Quadruplex Family,76702,29,21.0
G-Quadruplex Family,76708,23,17.0
G-Quadruplex Family,77017,26,20.0
G-Quadruplex Family,77407,27,22.0
G-Quadruplex Family,77720,17,17.0
G-Quadruplex Family,81026,32,23.0
G-Quadruplex Family,81352,18,20.0
G-Quadruplex Family,81356,14,16.0
G-Quadruplex Family,81655,21,20.0
G-Quadruplex Family,81656,20,15.0
G-Quadruplex Family,82055,22,27.0
G-Quadruplex Family,85631,30,44.0
G-Quadruplex Family,85632,29,39.0
G-Quadruplex Family,85637,24,34.0
G-Quadruplex Family,85638,23,30.0
G-Quadruplex Family,85639,22,23.0
G-Quadruplex Family,85640,21,18.0
G-Quadruplex Family,85908,31,27.0
G-Quadruplex Family,85915,36,26.0
G-Quadruplex Family,92068,29,27.0
G-Quadruplex Family,85614,28,48.0
i-motif family,73525,45,30.5
i-motif family,93374,52,32.0
i-motif family,70907,22,17.0
Hybrid,69731,15,47.67563238860815
Hybrid,69820,8,45.91705374484546
Hybrid,69829,15,49.98510740791927
Hybrid,70180,9,46.12563238860815
Hybrid,70191,7,45.70791995416138
Hybrid,70341,23,45.87563238860815
Hybrid,70475,21,47.92563238860815
Hybrid,70536,7,45.70791995416138
Hybrid,70568,7,45.70791995416138
Hybrid,70738,22,47.79883746936504
Hybrid,70859,10,46.33374627161657
Hybrid,70907,22,45.87563238860815
Hybrid,70945,27,46.17563238860815
Hybrid,70998,7,45.70791995416138
Hybrid,71016,7,45.70791995416138
Hybrid,71117,12,46.74883746936504
Hybrid,73611,22,7.75
Hybrid,77500,10,8.989512162874652
Hybrid,77512,28,12.840000000000002
Hybrid,77570,22,6.7
Hybrid,93374,21,7.173205080756887
Curved DNA,92292,23,47.23708921790539
Curved DNA,92580,22,43.82514076993644
Curved DNA,92588,27,54.85008479631877
Curved DNA,93374,21,39.73205080756888
Curved DNA,94181,23,44.07313218497099
Curved DNA,94246,24,46.64626436994197
Curved DNA,94485,27,58.81551514656762
Curved DNA,95527,23,49.23205080756888
Curved DNA,96053,22,44.19116617372088
Curved DNA,96063,23,45.28023896615753
Curved DNA,97866,20,39.55719157750532
Curved DNA,98191,25,52.53224755112299
Curved DNA,98917,23,47.14626436994197
Curved DNA,99050,22,39.23205080756888
Curved DNA,99301,22,36.30518299253986
Curved DNA,99311,21,39.51228977372641
Curved DNA,99320,21,40.55719157750532
Curved DNA,99893,22,42.30518299253986
Curved DNA,99902,21,41.01228977372641
Curved DNA,100060,26,56.80920016247077
Curved DNA,100073,25,56.484059392534334
Curved DNA,100081,26,56.89827295490743
Curved DNA,100592,23,45.64626436994197
Curved DNA,100892,22,44.55719157750532
Curved DNA,102225,23,44.73205080756888
Curved DNA,103828,23,45.19116617372088
Curved DNA,105684,25,52.50498383754912
Curved DNA,105977,25,49.21939655491296
Curved DNA,106462,28,46.73205080756888
Curved DNA,108681,24,44.59807621135332
Curved DNA,110521,22,42.484059392534334
Curved DNA,110671,26,48.484059392534334
Curved DNA,112032,24,45.80920016247077
Curved DNA,113509,22,39.23205080756888
Curved DNA,114880,21,41.69116617372088
Curved DNA,92430,9,19.5
Curved DNA,92501,7,15.322875655532297
Curved DNA,94373,8,17.414213562373096
Curved DNA,96713,7,15.322875655532297
Curved DNA,99006,8,17.414213562373096
Curved DNA,99864,7,15.322875655532297
Curved DNA,100008,14,29.87082869338697
Curved DNA,101250,8,17.414213562373096
Curved DNA,101282,24,50.44948974278318
Curved DNA,101451,13,27.802775637731997
Curved DNA,102968,8,17.414213562373096
Curved DNA,103388,7,15.322875655532297
Curved DNA,103587,7,15.322875655532297
Curved DNA,105406,8,17.414213562373096
Curved DNA,106012,9,19.5
Curved DNA,108644,8,17.414213562373096
Curved DNA,108723,8,17.414213562373096
Curved DNA,108748,11,23.6583123951777
Curved DNA,110716,8,17.414213562373096
Curved DNA,110730,8,17.414213562373096
Curved DNA,111552,7,15.322875655532297
Slipped DNA,99938,28,38.0
Slipped DNA,101282,20,30.0
Slipped DNA,110696,20,25.0
Slipped DNA,113051,24,32.0
Slipped DNA,101282,24,117.57550765359254
Slipped DNA,110696,20,72.73238618387273
Slipped DNA,113051,27,89.10000000000001
R-loop,105967,2016,1279.887475176988
R-loop,110818,2013,1288.9377428072023
R-loop,112721,2019,1915.4834809386589
Triplex,101282,20,50.0
Triplex,110696,20,50.0
Triplex,113051,22,41.0
Triplex,116284,22,36.5
Triplex,99938,24,41.0
Triplex,110713,24,54.5
Triplex,94038,25,47.0
Triplex,101472,25,45.5
Triplex,113289,25,45.5
Triplex,100373,28,53.00000000000001
Triplex,113070,28,48.5
G-Quadruplex Family,92068,29,27.0
G-Quadruplex Family,94311,24,18.0
G-Quadruplex Family,101530,26,25.0
G-Quadruplex Family,101537,19,21.000000000000004
G-Quadruplex Family,101538,18,16.0
G-Quadruplex Family,102543,34,28.0
G-Quadruplex Family,103866,26,20.0
G-Quadruplex Family,105963,20,37.0
G-Quadruplex Family,108206,20,27.0
G-Quadruplex Family,108207,19,20.0
G-Quadruplex Family,108208,18,15.0
G-Quadruplex Family,109486,13,14.999999999999998
G-Quadruplex Family,109755,24,19.0
G-Quadruplex Family,110750,29,28.0
G-Quadruplex Family,110815,30,39.0
G-Quadruplex Family,110818,27,35.0
G-Quadruplex Family,110819,26,30.0
G-Quadruplex Family,110901,33,39.0
G-Quadruplex Family,111780,28,28.0
G-Quadruplex Family,112678,28,23.0
G-Quadruplex Family,112685,21,20.0
G-Quadruplex Family,112701,24,22.0
G-Quadruplex Family,112716,24,21.0
G-Quadruplex Family,112914,37,27.0
G-Quadruplex Family,113831,34,31.0
G-Quadruplex Family,113832,33,26.0
G-Quadruplex Family,105967,16,30.0
G-Quadruplex Family,105968,15,27.0
G-Quadruplex Family,109740,22,30.0
G-Quadruplex Family,110818,13,30.0
G-Quadruplex Family,112721,19,30.0
G-Quadruplex Family,112722,18,27.0
G-Quadruplex Family,112914,30,36.0
G-Quadruplex Family,113319,33,36.0
G-Quadruplex Family,114103,27,33.0
i-motif family,114562,33,42.0
i-motif family,114563,32,35.0
i-motif family,93374,52,32.0
i-motif family,109957,38,27.0
i-motif family,101281,25,16.5
Z-DNA,109461,34,64.75
Z-DNA,113281,39,63.25
Z-DNA,113995,29,63.25
Z-DNA,116138,84,52.25
Hybrid,93374,21,7.173205080756887
Hybrid,99938,24,7.9
Hybrid,101282,24,13.407550765359254
Hybrid,105967,35,132.9106871731901
Hybrid,106012,9,129.93874751769883
Hybrid,106462,28,132.6619525984557
Hybrid,109486,9,7.975
Hybrid,110716,8,7.19142135623731
Hybrid,110730,7,7.19142135623731
Hybrid,110818,27,131.8937742807203
Hybrid,110901,33,132.79377428072027
Hybrid,111552,7,130.42606184627348
Hybrid,111780,28,131.69377428072025
Hybrid,112032,24,133.47469429696733
Hybrid,112914,37,194.2483480938659
Hybrid,113051,47,196.3983480938659
Hybrid,113281,71,195.1483480938659
Hybrid,113509,22,195.4715531746228
Hybrid,113831,34,194.1483480938659
Hybrid,113995,29,197.8733480938659
Hybrid,114103,27,194.8483480938659
Hybrid,114562,33,195.0483480938659
Curved DNA,118274,20,40.23205080756888
Curved DNA,118543,23,46.37100924133356
Curved DNA,118608,23,44.80518299253986
Curved DNA,119117,25,48.01630694365733
Curved DNA,119126,28,55.150281539872886
Curved DNA,119783,23,46.00498383754912
Curved DNA,119899,25,51.29787705636257
Curved DNA,119968,26,52.61803398874989
Curved DNA,119980,23,47.07313218497099
Curved DNA,120264,21,42.971405139878414
Curved DNA,120462,24,42.80518299253986
Curved DNA,121377,23,46.03224755112299
Curved DNA,121484,22,43.51228977372641
Curved DNA,122208,20,38.43915758875542
Curved DNA,122216,22,45.01228977372641
Curved DNA,122359,22,46.43915758875542
Curved DNA,122531,25,51.29787705636257
Curved DNA,123990,24,44.984059392534334
Curved DNA,124545,22,45.30518299253986
Curved DNA,124556,23,50.51228977372641
Curved DNA,124564,28,58.14626436994197
Curved DNA,124576,23,44.43915758875542
Curved DNA,125594,21,42.07313218497099
Curved DNA,126591,25,49.51228977372641
Curved DNA,126915,20,42.93915758875542
Curved DNA,126923,19,39.23205080756888
Curved DNA,126931,22,42.23205080756888
Curved DNA,126939,27,52.64626436994197
Curved DNA,128188,25,51.7763463839276
Curved DNA,129070,22,44.64626436994197
Curved DNA,129078,26,50.43915758875542
Curved DNA,129105,23,46.471405139878414
Curved DNA,129115,20,38.05719157750532
Curved DNA,129123,24,42.35008479631877
Curved DNA,129161,24,53.03224755112299
Curved DNA,133071,21,38.30518299253986
Curved DNA,133126,28,55.92825539162627
Curved DNA,133477,23,45.35337115112852
Curved DNA,133485,25,49.21939655491296
Curved DNA,133877,21,40.09807621135332
Curved DNA,134420,26,51.55719157750532
Curved DNA,134689,21,41.76429835869187
Curved DNA,134699,24,47.26203324428772
Curved DNA,134707,23,44.688901059316734
Curved DNA,135242,19,38.16390246014701
Curved DNA,135815,22,40.80518299253986
Curved DNA,137457,23,47.51228977372641
Curved DNA,137690,25,51.81022140287638
Curved DNA,137880,24,49.64626436994197
Curved DNA,138534,23,47.14626436994197
Curved DNA,138619,25,53.06047793231507
Curved DNA,117395,9,19.5
Curved DNA,118364,7,15.322875655532297
Curved DNA,120125,8,17.414213562373096
Curved DNA,122687,7,15.322875655532297
Curved DNA,123731,7,15.322875655532297
Curved DNA,124343,7,15.322875655532297
Curved DNA,126881,15,31.93649167310371
Curved DNA,128104,14,29.87082869338697
Curved DNA,130614,8,17.414213562373096
Curved DNA,130650,7,15.322875655532297
Curved DNA,130790,8,17.414213562373096
Curved DNA,133308,7,15.322875655532297
Curved DNA,137621,9,19.5
Curved DNA,139261,9,19.5
Curved DNA,139347,10,21.58113883008419
Slipped DNA,120159,20,28.0
Slipped DNA,120159,26,61.62603345989421
Slipped DNA,126881,15,58.09475019311125
Triplex,120159,20,44.0
Triplex,116284,22,36.5
G-Quadruplex Family,119820,33,33.0
G-Quadruplex Family,119826,27,28.0
G-Quadruplex Family,121772,27,19.0
G-Quadruplex Family,121852,31,23.0
G-Quadruplex Family,122744,30,26.0
G-Quadruplex Family,122747,27,22.0
G-Quadruplex Family,123530,23,22.0
G-Quadruplex Family,123531,22,17.0
G-Quadruplex Family,125746,31,22.0
G-Quadruplex Family,125868,32,28.0
G-Quadruplex Family,127825,39,33.0
G-Quadruplex Family,127826,38,28.0
G-Quadruplex Family,127839,38,30.0
G-Quadruplex Family,127843,34,30.0
G-Quadruplex Family,128551,31,26.0
G-Quadruplex Family,128555,27,22.0
G-Quadruplex Family,128564,18,22.0
G-Quadruplex Family,128565,17,17.0
G-Quadruplex Family,129590,32,24.0
G-Quadruplex Family,129679,36,39.0
G-Quadruplex Family,129680,35,34.0
G-Quadruplex Family,129690,37,33.0
G-Quadruplex Family,129691,36,26.0
G-Quadruplex Family,129710,20,15.0
G-Quadruplex Family,132821,20,20.0
G-Quadruplex Family,132825,16,16.0
G-Quadruplex Family,134997,28,20.0
G-Quadruplex Family,135009,16,16.0
G-Quadruplex Family,135507,42,31.0
G-Quadruplex Family,137046,32,28.0
G-Quadruplex Family,137047,31,23.0
G-Quadruplex Family,137052,26,19.0
G-Quadruplex Family,137250,25,18.0
G-Quadruplex Family,137332,20,19.0
G-Quadruplex Family,137427,26,30.0
i-motif family,139213,42,25.5
i-motif family,131235,19,17.5
Z-DNA,130212,66,68.0
Hybrid,120159,20,10.562603345989425
Hybrid,126881,15,9.003124186621497
Curved DNA,138534,23,47.14626436994197
Curved DNA,138619,25,53.06047793231507
Curved DNA,140581,25,47.71939655491297
Curved DNA,141096,24,45.21939655491296
Curved DNA,141645,25,45.69116617372088
Curved DNA,141705,23,48.35337115112852
Curved DNA,141714,27,53.29787705636257
Curved DNA,141724,23,43.59077027517603
Curved DNA,142210,20,39.71939655491296
Curved DNA,142379,22,42.01228977372641
Curved DNA,142507,28,56.75472730811043
Curved DNA,143150,22,46.04988564132803
Curved DNA,143233,28,56.31022140287638
Curved DNA,143245,29,58.69445252853063
Curved DNA,145489,23,47.43915758875542
Curved DNA,145499,22,46.14626436994197
Curved DNA,145739,20,37.30518299253986
Curved DNA,146568,27,50.66390246014701
Curved DNA,146853,27,57.51228977372641
Curved DNA,147125,22,44.64626436994197
Curved DNA,147544,26,54.35337115112852
Curved DNA,147684,20,42.09807621135332
Curved DNA,147692,24,47.30518299253986
Curved DNA,148570,22,41.86602540378444
Curved DNA,149068,25,48.554926463101175
Curved DNA,149079,20,39.054926463101175
Curved DNA,149139,26,51.91591104511247
Curved DNA,149639,26,49.60537973609398
Curved DNA,149865,25,48.00498383754912
Curved DNA,151050,25,45.23205080756888
Curved DNA,151257,26,40.59807621135332
Curved DNA,151268,28,48.95679567896047
Curved DNA,151727,26,55.00498383754912
Curved DNA,152148,23,48.93915758875542
Curved DNA,152200,23,46.30518299253986
Curved DNA,152341,22,41.57313218497099
Curved DNA,153964,23,46.14626436994197
Curved DNA,154695,26,50.82514076993644
Curved DNA,156042,28,48.23205080756888
Curved DNA,156287,20,38.43915758875542
Curved DNA,156380,21,42.79787705636257
Curved DNA,156572,23,48.26429835869187
Curved DNA,156673,31,62.47941178499162
Curved DNA,156685,25,53.020296418839614
Curved DNA,156906,23,47.05719157750532
Curved DNA,157210,24,47.66390246014701
Curved DNA,157888,21,43.57313218497099
Curved DNA,158010,24,45.80518299253986
Curved DNA,158110,25,49.14626436994197
Curved DNA,158457,26,51.09807621135332
Curved DNA,158708,26,53.21939655491296
Curved DNA,158999,25,48.012289773726415
Curved DNA,159819,22,46.43915758875542
Curved DNA,159830,22,47.55719157750532
Curved DNA,160466,25,51.59807621135332
Curved DNA,160739,21,40.45679567896047
Curved DNA,161356,22,40.43915758875542
Curved DNA,161419,20,40.59807621135332
Curved DNA,161475,26,49.30518299253986
Curved DNA,161487,23,46.30518299253986
Curved DNA,162001,24,49.64626436994197
Curved DNA,162011,25,50.93915758875542
Curved DNA,162187,22,44.57313218497099
Curved DNA,139261,9,19.5
Curved DNA,139347,10,21.58113883008419
Curved DNA,141890,10,21.58113883008419
Curved DNA,141922,8,17.414213562373096
Curved DNA,142086,10,21.58113883008419
Curved DNA,142299,12,25.73205080756888
Curved DNA,142353,7,15.322875655532297
Curved DNA,143576,12,25.73205080756888
Curved DNA,144417,8,17.414213562373096
Curved DNA,145164,7,15.322875655532297
Curved DNA,146249,7,15.322875655532297
Curved DNA,147313,7,15.322875655532297
Curved DNA,148421,8,17.414213562373096
Curved DNA,148515,7,15.322875655532297
Curved DNA,148670,7,15.322875655532297
Curved DNA,149209,7,15.322875655532297
Curved DNA,150564,7,15.322875655532297
Curved DNA,151619,8,17.414213562373096
Curved DNA,152029,7,15.322875655532297
Curved DNA,152106,19,40.17944947177034
Curved DNA,154818,11,23.6583123951777
Curved DNA,154848,10,21.58113883008419
Curved DNA,160004,8,17.414213562373096
Slipped DNA,152106,19,82.81907992727281
Cruciform DNA,151491,23,9.0
G-Quadruplex Family,140898,15,14.0
G-Quadruplex Family,141075,32,29.0
G-Quadruplex Family,142971,30,21.0
G-Quadruplex Family,143455,20,23.0
G-Quadruplex Family,147066,23,31.0
G-Quadruplex Family,147310,28,32.0
G-Quadruplex Family,147311,27,27.0
G-Quadruplex Family,155357,32,27.0
G-Quadruplex Family,155369,20,14.0
G-Quadruplex Family,155908,28,27.0
G-Quadruplex Family,155916,29,28.0
G-Quadruplex Family,157406,25,18.0
G-Quadruplex Family,158944,17,15.0
G-Quadruplex Family,159009,31,30.0
G-Quadruplex Family,159560,18,21.0
G-Quadruplex Family,159720,33,25.0
G-Quadruplex Family,159777,23,25.0
G-Quadruplex Family,159778,22,20.0
G-Quadruplex Family,162407,34,33.0
G-Quadruplex Family,162410,44,37.0
G-Quadruplex Family,162411,43,32.0
G-Quadruplex Family,162425,42,41.0
G-Quadruplex Family,162426,41,36.0
G-Quadruplex Family,162431,36,33.0
G-Quadruplex Family,162432,35,28.0
G-Quadruplex Family,162439,34,35.0
G-Quadruplex Family,162443,30,31.000000000000004
G-Quadruplex Family,162452,21,27.000000000000004
G-Quadruplex Family,162965,20,20.0
G-Quadruplex Family,162968,17,16.0
G-Quadruplex Family,162425,48,51.0
G-Quadruplex Family,159160,39,51.0
G-Quadruplex Family,162410,24,30.0
i-motif family,139213,42,25.5
Z-DNA,141852,20,54.0
Hybrid,141096,11,7.421939655491297
Hybrid,152106,19,12.299852939904316
Hybrid,159009,15,7.801228977372642
Curved DNA,161356,22,40.43915758875542
Curved DNA,161419,20,40.59807621135332
Curved DNA,161475,26,49.30518299253986
Curved DNA,161487,23,46.30518299253986
Curved DNA,162001,24,49.64626436994197
Curved DNA,162011,25,50.93915758875542
Curved DNA,162187,22,44.57313218497099
Curved DNA,163924,22,40.43915758875542
Curved DNA,165297,25,50.64626436994197
Curved DNA,166054,25,51.59807621135332
Curved DNA,168132,23,41.73205080756888
Curved DNA,168144,23,41.80518299253986
Curved DNA,170590,27,53.29787705636257
Curved DNA,170792,23,45.26429835869187
Curved DNA,170986,26,47.43915758875542
Curved DNA,171533,23,45.93915758875542
Curved DNA,171839,24,48.87100924133356
Curved DNA,171849,28,57.58612266763331
Curved DNA,172455,25,50.19116617372088
Curved DNA,172618,23,47.21939655491296
Curved DNA,172629,23,46.30518299253986
Curved DNA,175724,24,48.14626436994197
Curved DNA,175749,20,41.76203324428772
Curved DNA,175780,21,43.10209338128423
Curved DNA,175787,25,51.96081284889138
Curved DNA,176468,24,49.71939655491296
Curved DNA,176581,28,59.93855136133524
Curved DNA,177080,24,46.93915758875542
Curved DNA,177367,24,45.14626436994197
Curved DNA,178048,26,52.69116617372088
Curved DNA,178936,23,45.93915758875542
Curved DNA,179162,22,45.30518299253986
Curved DNA,181809,20,38.43915758875542
Curved DNA,181973,25,48.554926463101175
Curved DNA,182244,24,45.07313218497099
Curved DNA,182963,23,48.86602540378444
Curved DNA,184318,23,41.73205080756888
Curved DNA,184403,21,38.30518299253986
Curved DNA,184413,23,45.71939655491296
Curved DNA,184771,23,47.80920016247077
Curved DNA,185735,24,48.39600784050328
Curved DNA,185743,23,47.688901059316734
Curved DNA,163607,7,15.322875655532297
Curved DNA,166342,7,15.322875655532297
Curved DNA,172009,10,21.58113883008419
Curved DNA,172025,7,15.322875655532297
Curved DNA,172346,7,15.322875655532297
Curved DNA,173135,7,15.322875655532297
Curved DNA,173255,7,15.322875655532297
Curved DNA,176136,7,15.322875655532297
Curved DNA,177283,7,15.322875655532297
Curved DNA,178460,10,21.58113883008419
Curved DNA,179140,8,17.414213562373096
Curved DNA,179226,11,23.6583123951777
Curved DNA,179523,7,15.322875655532297
Curved DNA,179981,8,17.414213562373096
Curved DNA,180119,7,15.322875655532297
Curved DNA,180276,10,21.58113883008419
Curved DNA,182510,9,19.5
Curved DNA,183621,11,23.6583123951777
Curved DNA,184211,7,15.322875655532297
Curved DNA,185853,7,15.322875655532297
R-loop,185251,315,215.32425867564885
Triplex,183182,21,38.0
G-Quadruplex Family,162407,34,33.0
G-Quadruplex Family,162410,44,37.0
G-Quadruplex Family,162411,43,32.0
G-Quadruplex Family,162425,42,41.0
G-Quadruplex Family,162426,41,36.0
G-Quadruplex Family,162431,36,33.0
G-Quadruplex Family,162432,35,28.0
G-Quadruplex Family,162439,34,35.0
G-Quadruplex Family,162443,30,31.000000000000004
G-Quadruplex Family,162452,21,27.000000000000004
G-Quadruplex Family,162965,20,20.0
G-Quadruplex Family,162968,17,16.0
G-Quadruplex Family,163295,33,25.0
G-Quadruplex Family,164113,37,26.0
G-Quadruplex Family,164126,24,22.0
G-Quadruplex Family,165162,21,23.000000000000004
G-Quadruplex Family,165334,23,20.0
G-Quadruplex Family,165339,18,15.0
G-Quadruplex Family,165574,19,20.0
G-Quadruplex Family,165652,26,31.0
G-Quadruplex Family,165657,21,26.0
G-Quadruplex Family,168090,33,24.0
G-Quadruplex Family,168105,18,20.0
G-Quadruplex Family,170897,22,30.0
G-Quadruplex Family,173433,32,23.0
G-Quadruplex Family,173447,26,27.000000000000004
G-Quadruplex Family,173448,25,22.0
G-Quadruplex Family,173453,30,23.0
G-Quadruplex Family,173456,27,19.0
G-Quadruplex Family,173463,28,20.0
G-Quadruplex Family,175277,20,16.0
G-Quadruplex Family,176751,18,18.0
G-Quadruplex Family,176955,17,15.0
G-Quadruplex Family,177435,31,22.0
G-Quadruplex Family,177445,21,21.0
G-Quadruplex Family,184130,15,32.0
G-Quadruplex Family,184131,14,28.0
G-Quadruplex Family,162425,48,51.0
G-Quadruplex Family,162410,24,30.0
i-motif family,175018,25,23.5
i-motif family,182704,49,35.5
Z-DNA,176958,46,61.5
Hybrid,176958,14,7.65
Curved DNA,184318,23,41.73205080756888
Curved DNA,184403,21,38.30518299253986
Curved DNA,184413,23,45.71939655491296
Curved DNA,184771,23,47.80920016247077
Curved DNA,185735,24,48.39600784050328
Curved DNA,185743,23,47.688901059316734
Curved DNA,186327,22,46.73205080756888
Curved DNA,189223,26,60.88561870225151
Curved DNA,189510,26,52.23205080756888
Curved DNA,192330,23,48.93915758875542
Curved DNA,192477,24,48.94090964428219
Curved DNA,194569,25,49.01404182925317
Curved DNA,195864,24,45.51228977372641
Curved DNA,195874,23,44.51228977372641
Curved DNA,196401,22,47.93915758875542
Curved DNA,196410,23,45.93915758875542
Curved DNA,196419,24,48.14626436994197
Curved DNA,196556,23,44.14626436994197
Curved DNA,196694,21,42.76203324428772
Curved DNA,197036,20,40.59807621135332
Curved DNA,197166,22,40.73205080756888
Curved DNA,197551,21,41.23205080756888
Curved DNA,197560,22,44.93915758875542
Curved DNA,197604,25,52.10311462168983
Curved DNA,197843,24,47.95679567896047
Curved DNA,198441,26,50.07313218497099
Curved DNA,198600,19,35.93915758875542
Curved DNA,198839,30,55.62301782629901
Curved DNA,198852,27,50.297877056362566
Curved DNA,199394,24,46.93915758875542
Curved DNA,199404,23,46.78023896615753
Curved DNA,199565,23,46.59807621135332
Curved DNA,199640,24,46.89600784050328
Curved DNA,200512,24,46.19116617372088
Curved DNA,201287,24,43.86602540378444
Curved DNA,201545,24,50.78023896615753
Curved DNA,201711,23,43.984059392534334
Curved DNA,202496,21,42.51228977372641
Curved DNA,202669,20,42.64626436994197
Curved DNA,202678,21,43.26429835869187
Curved DNA,202844,25,46.05719157750532
Curved DNA,203065,20,40.01228977372641
Curved DNA,203073,24,46.26429835869187
Curved DNA,203296,28,57.39827295490743
Curved DNA,208113,20,43.01228977372641
Curved DNA,208279,30,60.03482644530087
Curved DNA,208662,26,52.41421356237309
Curved DNA,184211,7,15.322875655532297
Curved DNA,185853,7,15.322875655532297
Curved DNA,187220,7,15.322875655532297
Curved DNA,187724,7,15.322875655532297
Curved DNA,189971,8,17.414213562373096
Curved DNA,192552,14,29.87082869338697
Curved DNA,194600,8,17.414213562373096
Curved DNA,196029,7,15.322875655532297
Curved DNA,196461,11,23.6583123951777
Curved DNA,196873,7,15.322875655532297
Curved DNA,197971,7,15.322875655532297
Curved DNA,198160,7,15.322875655532297
Curved DNA,198369,8,17.414213562373096
Curved DNA,198639,8,17.414213562373096
Curved DNA,198907,11,23.6583123951777
Curved DNA,199002,8,17.414213562373096
Curved DNA,199909,21,44.29128784747792
Curved DNA,202294,7,15.322875655532297
Curved DNA,202400,9,19.5
Curved DNA,208754,11,23.6583123951777
Slipped DNA,189227,20,30.0
Slipped DNA,190136,28,36.0
Slipped DNA,192292,24,32.0
Slipped DNA,198841,22,28.0
Slipped DNA,199909,20,30.0
Slipped DNA,204527,270,342.0
Slipped DNA,204662,270,342.0
Slipped DNA,192292,30,104.35516278555652
Slipped DNA,193948,15,36.89512162874653
Slipped DNA,193985,23,60.852280154485584
Slipped DNA,194021,16,39.3547964039963
Slipped DNA,199909,21,96.23408959407264
R-loop,193727,2019,1144.429500259222
R-loop,185251,365,353.26642847687026
Triplex,189227,20,41.0
Triplex,199909,20,50.0
Triplex,198841,21,44.0
Triplex,192292,22,42.49999999999999
Triplex,193985,22,42.49999999999999
Triplex,190136,24,41.0
Triplex,206757,25,50.00000000000001
Triplex,206785,25,53.00000000000001
Triplex,206812,25,48.5
Triplex,202652,27,41.0
G-Quadruplex Family,184130,15,32.0
G-Quadruplex Family,184131,14,28.0
G-Quadruplex Family,187375,25,32.0
G-Quadruplex Family,187378,22,29.0
G-Quadruplex Family,188463,25,26.0
G-Quadruplex Family,188466,22,23.0
G-Quadruplex Family,189172,22,21.0
G-Quadruplex Family,193663,39,32.0
G-Quadruplex Family,193666,36,29.0
G-Quadruplex Family,193675,27,27.0
G-Quadruplex Family,195689,20,24.0
G-Quadruplex Family,195690,19,19.0
G-Quadruplex Family,199094,44,46.0
G-Quadruplex Family,199098,40,42.0
G-Quadruplex Family,199099,39,37.0
G-Quadruplex Family,199108,30,33.0
G-Quadruplex Family,199109,29,28.0
G-Quadruplex Family,199117,21,24.0
G-Quadruplex Family,199122,16,20.0
G-Quadruplex Family,199123,15,15.0
G-Quadruplex Family,203709,26,32.0
G-Quadruplex Family,193727,19,27.0
G-Quadruplex Family,199098,27,42.0
i-motif family,189713,58,38.0
i-motif family,207280,19,17.5
Z-DNA,190329,53,79.5
Z-DNA,190740,75,72.25
Z-DNA,191011,80,71.75
Z-DNA,191766,28,59.0
Z-DNA,192370,30,56.75
Z-DNA,195408,18,51.5
Hybrid,185735,31,40.0955329536187
Hybrid,185853,7,36.85893041324026
Hybrid,189227,20,10.18856187022515
Hybrid,190136,24,7.7
Hybrid,193727,19,117.14295002592222
Hybrid,193948,15,118.13246218879686
Hybrid,193985,23,120.52817804137077
Hybrid,194021,16,118.37842966632184
Hybrid,194569,25,119.34435420884752
Hybrid,194600,8,116.18437138215953
Hybrid,195408,18,119.59295002592222
Hybrid,195689,20,116.34295002592222
Hybrid,199909,21,14.05253774415506
Curved DNA,208113,20,43.01228977372641
Curved DNA,208279,30,60.03482644530087
Curved DNA,208662,26,52.41421356237309
Curved DNA,208989,26,49.01228977372641
Curved DNA,209585,27,55.64626436994197
Curved DNA,210557,28,53.55719157750532
Curved DNA,210914,24,45.73205080756888
Curved DNA,211126,22,40.82514076993644
Curved DNA,211706,23,44.43915758875542
Curved DNA,212357,21,37.55719157750532
Curved DNA,212836,23,46.984059392534334
Curved DNA,212971,22,42.70710678118655
Curved DNA,213682,26,46.95679567896047
Curved DNA,213695,22,43.80518299253986
Curved DNA,213705,25,50.93915758875542
Curved DNA,213928,22,44.10209338128423
Curved DNA,214019,25,55.76758471350161
Curved DNA,214340,23,48.35337115112852
Curved DNA,214568,22,43.51228977372641
Curved DNA,214715,22,44.35337115112852
Curved DNA,216293,28,56.73935433230954
Curved DNA,216431,24,46.93915758875542
Curved DNA,216487,20,41.43915758875542
Curved DNA,216495,24,47.76429835869187
Curved DNA,217129,26,53.02998243671884
Curved DNA,217352,24,48.91421356237309
Curved DNA,217363,24,49.638958433764685
Curved DNA,217372,24,48.138958433764685
Curved DNA,217381,26,53.21209061873567
Curved DNA,218890,27,52.93915758875542
Curved DNA,219871,22,41.93915758875542
Curved DNA,219997,28,55.27230500380507
Curved DNA,220005,26,54.024313588770525
Curved DNA,220134,22,40.43915758875542
Curved DNA,220143,23,44.43915758875542
Curved DNA,220976,20,38.43915758875542
Curved DNA,222902,24,46.93915758875542
Curved DNA,222992,26,54.93915758875542
Curved DNA,223070,22,40.73205080756888
Curved DNA,223410,25,44.86602540378444
Curved DNA,223708,21,44.57313218497099
Curved DNA,223936,23,46.37100924133356
Curved DNA,223989,24,49.93915758875542
Curved DNA,224370,23,46.78023896615753
Curved DNA,224378,24,46.28023896615753
Curved DNA,224389,25,47.93915758875544
Curved DNA,224617,21,38.59807621135332
Curved DNA,224817,23,43.59807621135332
Curved DNA,224877,22,42.29787705636257
Curved DNA,224884,23,47.43185165257814
Curved DNA,225081,33,66.56047793231508
Curved DNA,225100,23,45.55719157750532
Curved DNA,225111,24,50.39827295490743
Curved DNA,225626,21,37.09807621135332
Curved DNA,225636,20,35.80518299253986
Curved DNA,226005,25,46.80518299253986
Curved DNA,226185,21,39.14626436994197
Curved DNA,227410,24,46.67190910526022
Curved DNA,227417,24,51.17190910526022
Curved DNA,229211,20,37.23205080756888
Curved DNA,229220,20,38.80518299253986
Curved DNA,208754,11,23.6583123951777
Curved DNA,209028,7,15.322875655532297
Curved DNA,209280,7,15.322875655532297
Curved DNA,209554,9,19.5
Curved DNA,210315,7,15.322875655532297
Curved DNA,210386,9,19.5
Curved DNA,211664,7,15.322875655532297
Curved DNA,213000,9,19.5
Curved DNA,213351,8,17.414213562373096
Curved DNA,213423,7,15.322875655532297
Curved DNA,215378,7,15.322875655532297
Curved DNA,215434,9,19.5
Curved DNA,216384,9,19.5
Curved DNA,216416,7,15.322875655532297
Curved DNA,217626,8,17.414213562373096
Curved DNA,217823,7,15.322875655532297
Curved DNA,221036,10,21.58113883008419
Curved DNA,222935,8,17.414213562373096
Curved DNA,223128,36,75.0
Curved DNA,223489,8,17.414213562373096
Curved DNA,224363,7,15.322875655532297
Curved DNA,224712,7,15.322875655532297
Curved DNA,226233,7,15.322875655532297
Curved DNA,226915,17,36.06155281280883
Curved DNA,227471,7,15.322875655532297
Curved DNA,227576,7,15.322875655532297
Slipped DNA,223128,20,30.0
Slipped DNA,223138,20,30.0
Slipped DNA,229960,22,28.0
Slipped DNA,230127,22,26.0
Slipped DNA,230138,24,28.0
Slipped DNA,230150,24,28.0
Slipped DNA,230186,22,26.0
Slipped DNA,211737,16,39.3547964039963
Slipped DNA,220644,15,40.24922359499622
Slipped DNA,220668,15,36.89512162874653
Slipped DNA,223128,36,216.0
Slipped DNA,225081,18,76.36753236814712
Slipped DNA,225395,18,48.49989690710692
Slipped DNA,226915,17,70.09279563550022
Slipped DNA,230137,43,136.5207676509329
Cruciform DNA,214002,22,10.5
Cruciform DNA,214002,22,15.5
Cruciform DNA,214003,20,14.0
R-loop,229999,174,570.254549534995
Triplex,223128,20,50.0
Triplex,229960,21,42.49999999999999
Triplex,230127,21,39.5
Triplex,230186,21,39.5
Triplex,222109,22,42.49999999999999
Triplex,230137,22,42.49999999999999
Triplex,217470,23,42.5
Triplex,229788,25,42.5
Triplex,230168,28,45.5
Triplex,225395,18,24.0
G-Quadruplex Family,230118,51,80.0
G-Quadruplex Family,230131,50,79.0
G-Quadruplex Family,230142,45,70.0
G-Quadruplex Family,230148,39,60.0
G-Quadruplex Family,230154,33,50.0
G-Quadruplex Family,230118,39,60.0
G-Quadruplex Family,230131,38,64.0
G-Quadruplex Family,230142,33,59.0
G-Quadruplex Family,230148,27,49.0
G-Quadruplex Family,230154,21,39.0
G-Quadruplex Family,230131,26,44.0
G-Quadruplex Family,230132,25,39.0
G-Quadruplex Family,230137,26,44.0
G-Quadruplex Family,230142,27,49.0
G-Quadruplex Family,230143,26,44.0
G-Quadruplex Family,230148,27,49.0
G-Quadruplex Family,230149,26,44.0
G-Quadruplex Family,230154,21,39.0
G-Quadruplex Family,230155,20,34.0
G-Quadruplex Family,212132,23,31.0
G-Quadruplex Family,217863,33,26.0
G-Quadruplex Family,219439,26,19.0
G-Quadruplex Family,219445,33,24.0
G-Quadruplex Family,224483,25,20.0
G-Quadruplex Family,228702,35,29.000000000000004
G-Quadruplex Family,228707,30,25.0
G-Quadruplex Family,228711,26,22.0
G-Quadruplex Family,228915,18,18.0
G-Quadruplex Family,228916,17,13.0
G-Quadruplex Family,228970,32,23.0
G-Quadruplex Family,229612,36,35.0
G-Quadruplex Family,229622,26,31.0
G-Quadruplex Family,229623,25,26.0
G-Quadruplex Family,229849,36,35.0
G-Quadruplex Family,229863,30,38.0
G-Quadruplex Family,229870,31,39.0
G-Quadruplex Family,229871,30,32.0
G-Quadruplex Family,229872,29,27.0
G-Quadruplex Family,229880,34,30.0
G-Quadruplex Family,229883,31,26.0
G-Quadruplex Family,229887,42,32.0
G-Quadruplex Family,229891,38,28.0
G-Quadruplex Family,229899,44,42.0
G-Quadruplex Family,229912,45,56.0
G-Quadruplex Family,229926,37,56.0
G-Quadruplex Family,229927,36,51.0
G-Quadruplex Family,229931,32,48.0
G-Quadruplex Family,229932,31,41.0
G-Quadruplex Family,229933,30,36.0
G-Quadruplex Family,229941,33,38.0
G-Quadruplex Family,229948,37,40.0
G-Quadruplex Family,229949,36,33.0
G-Quadruplex Family,229950,35,28.0
G-Quadruplex Family,229955,30,23.0
G-Quadruplex Family,229961,35,30.0
G-Quadruplex Family,229972,32,44.0
G-Quadruplex Family,229983,33,47.0
G-Quadruplex Family,229987,39,61.99999999999999
G-Quadruplex Family,229991,35,58.00000000000001
G-Quadruplex Family,229994,32,54.0
G-Quadruplex Family,229999,32,54.0
G-Quadruplex Family,230000,31,50.0
G-Quadruplex Family,230001,30,43.0
G-Quadruplex Family,230002,29,38.0
G-Quadruplex Family,230013,30,36.0
G-Quadruplex Family,230014,29,31.0
G-Quadruplex Family,230019,37,35.0
G-Quadruplex Family,230020,36,28.0
G-Quadruplex Family,230029,37,33.0
G-Quadruplex Family,230041,37,35.0
G-Quadruplex Family,230054,37,38.99999999999999
G-Quadruplex Family,230059,32,34.0
G-Quadruplex Family,230060,31,29.0
G-Quadruplex Family,230118,39,60.0
G-Quadruplex Family,230119,38,55.0
G-Quadruplex Family,230124,39,60.0
G-Quadruplex Family,230131,38,64.0
G-Quadruplex Family,230132,37,59.0
G-Quadruplex Family,230137,38,64.0
G-Quadruplex Family,230142,38,64.0
G-Quadruplex Family,230143,37,59.0
G-Quadruplex Family,230148,37,59.0
G-Quadruplex Family,230149,36,54.0
G-Quadruplex Family,230154,39,60.0
G-Quadruplex Family,230155,38,55.0
G-Quadruplex Family,230160,38,55.0
G-Quadruplex Family,230161,37,50.0
G-Quadruplex Family,230166,38,55.0
G-Quadruplex Family,230167,37,50.0
G-Quadruplex Family,230172,37,50.0
G-Quadruplex Family,230173,36,45.0
G-Quadruplex Family,230178,41,52.0
G-Quadruplex Family,230183,36,47.0
G-Quadruplex Family,230190,29,41.0
G-Quadruplex Family,230191,28,36.0
G-Quadruplex Family,230196,23,31.0
G-Quadruplex Family,230142,21,39.0
G-Quadruplex Family,230148,21,39.0
G-Quadruplex Family,230154,21,39.0
G-Quadruplex Family,230013,53,62.0
G-Quadruplex Family,229622,26,36.0
G-Quadruplex Family,229926,26,44.99999999999999
G-Quadruplex Family,229999,24,42.0
G-Quadruplex Family,230000,23,38.99999999999999
G-Quadruplex Family,230001,22,36.0
G-Quadruplex Family,230118,33,88.0
G-Quadruplex Family,230131,38,156.0
G-Quadruplex Family,230142,33,138.0
G-Quadruplex Family,230148,27,95.0
G-Quadruplex Family,230154,39,130.0
G-Quadruplex Family,230160,33,88.0
G-Quadruplex Family,230166,27,54.0
G-Quadruplex Family,230172,32,63.0
G-Quadruplex Family,230190,29,57.0
i-motif family,220541,49,32.5
i-motif family,207280,19,17.5
i-motif family,225081,18,15.0
i-motif family,227417,17,16.5
Z-DNA,227367,28,71.0
Hybrid,214002,22,7.126758471350161
Hybrid,223128,36,29.1
Hybrid,225081,18,8.156047793231508
Hybrid,225395,18,7.2499896907106915
Hybrid,226915,17,10.615434844830906
Hybrid,227417,17,6.767190910526023
Hybrid,229863,228,59.925454953499504
Slipped DNA,230127,22,26.0
Slipped DNA,230138,24,28.0
Slipped DNA,230150,24,28.0
Slipped DNA,230186,22,26.0
Slipped DNA,230137,42,133.34586607765536
R-loop,230001,172,567.6407336466881
Triplex,230127,21,39.5
Triplex,230186,21,39.5
Triplex,230137,22,42.49999999999999
Triplex,230168,28,45.5
G-Quadruplex Family,230118,51,80.0
G-Quadruplex Family,230131,50,79.0
G-Quadruplex Family,230142,45,70.0
G-Quadruplex Family,230148,39,60.0
G-Quadruplex Family,230154,33,50.0
G-Quadruplex Family,230118,39,60.0
G-Quadruplex Family,230131,38,64.0
G-Quadruplex Family,230142,33,59.0
G-Quadruplex Family,230148,27,49.0
G-Quadruplex Family,230154,21,39.0
G-Quadruplex Family,230131,26,44.0
G-Quadruplex Family,230132,25,39.0
G-Quadruplex Family,230137,26,44.0
G-Quadruplex Family,230142,27,49.0
G-Quadruplex Family,230143,26,44.0
G-Quadruplex Family,230148,27,49.0
G-Quadruplex Family,230149,26,44.0
G-Quadruplex Family,230154,21,39.0
G-Quadruplex Family,230155,20,34.0
G-Quadruplex Family,230001,30,43.0
G-Quadruplex Family,230002,29,38.0
G-Quadruplex Family,230013,30,36.0
G-Quadruplex Family,230014,29,31.0
G-Quadruplex Family,230019,37,35.0
G-Quadruplex Family,230020,36,28.0
G-Quadruplex Family,230029,37,33.0
G-Quadruplex Family,230041,37,35.0
G-Quadruplex Family,230054,37,38.99999999999999
G-Quadruplex Family,230059,32,34.0
G-Quadruplex Family,230060,31,29.0
G-Quadruplex Family,230118,39,60.0
G-Quadruplex Family,230119,38,55.0
G-Quadruplex Family,230124,39,60.0
G-Quadruplex Family,230131,38,64.0
G-Quadruplex Family,230132,37,59.0
G-Quadruplex Family,230137,38,64.0
G-Quadruplex Family,230142,38,64.0
G-Quadruplex Family,230143,37,59.0
G-Quadruplex Family,230148,37,59.0
G-Quadruplex Family,230149,36,54.0
G-Quadruplex Family,230154,39,60.0
G-Quadruplex Family,230155,38,55.0
G-Quadruplex Family,230160,38,55.0
G-Quadruplex Family,230161,37,50.0
G-Quadruplex Family,230166,38,55.0
G-Quadruplex Family,230167,37,50.0
G-Quadruplex Family,230172,37,50.0
G-Quadruplex Family,230173,36,45.0
G-Quadruplex Family,230178,41,52.0
G-Quadruplex Family,230183,36,47.0
G-Quadruplex Family,230190,29,41.0
G-Quadruplex Family,230191,28,36.0
G-Quadruplex Family,230196,23,31.0
G-Quadruplex Family,230142,21,39.0
G-Quadruplex Family,230148,21,39.0
G-Quadruplex Family,230154,21,39.0
G-Quadruplex Family,230013,53,62.0
G-Quadruplex Family,230001,22,36.0
G-Quadruplex Family,230118,33,88.0
G-Quadruplex Family,230131,38,156.0
G-Quadruplex Family,230142,33,138.0
G-Quadruplex Family,230148,27,95.0
G-Quadruplex Family,230154,39,130.0
G-Quadruplex Family,230160,33,88.0
G-Quadruplex Family,230166,27,54.0
G-Quadruplex Family,230172,32,63.0
G-Quadruplex Family,230190,29,57.0
Hybrid,230001,90,59.66407336466881
